"","gene","cod.frst","cod.lst","full.Ts.freq","full.Tv.freq","reg.Ts.freq","reg.Tv.freq","full.CA.freq","full.CG.freq","full.CT.freq","full.TA.freq","full.TC.freq","full.TG.freq","reg.CA.freq","reg.CG.freq","reg.CT.freq","reg.TA.freq","reg.TC.freq","reg.TG.freq"
"1","AR",702,919,0.287154150197628,0.712845849802372,0.289256198347107,0.710743801652893,0.197430830039526,0.201383399209486,0.154940711462451,0.157312252964427,0.132213438735178,0.156719367588933,0.152892561983471,0.169421487603306,0.115702479338843,0.194214876033058,0.173553719008264,0.194214876033058
"2","ESR1",329,546,0.283571255746431,0.716428744253569,0.278656126482213,0.721343873517787,0.194047907089281,0.198887007016695,0.141059762884104,0.163077667553835,0.142511492862328,0.160416162593758,0.177206851119895,0.184453227931489,0.119235836627141,0.180500658761528,0.159420289855072,0.179183135704875
"3","KIT",559,829,0.284027980180705,0.715972019819295,0.283157894736842,0.716842105263158,0.158700087438065,0.162489070241912,0.124453512095599,0.197610026231419,0.159574468085106,0.197172835907899,0.157368421052632,0.160526315789474,0.124210526315789,0.200526315789474,0.158947368421053,0.198421052631579
"4","ABL",244,459,0.287611189893,0.712388810107,0.280817402768622,0.719182597231378,0.199046022947016,0.20562072966353,0.151862833569679,0.155343560654892,0.135748356323321,0.152378496841562,0.183256427158866,0.189848384970336,0.122610415293342,0.173368490441661,0.15820698747528,0.172709294660514
"5","ALK",1152,1269,0.288364553314121,0.711635446685879,0.281637717121588,0.718362282878412,0.198757204610951,0.20443083573487,0.15246757925072,0.155079250720461,0.135896974063401,0.153368155619597,0.19106699751861,0.200992555831266,0.140198511166253,0.161290322580645,0.141439205955335,0.165012406947891
"6","EGFR",747,854,0.282903263815247,0.717096736184753,0.282085561497326,0.717914438502674,0.182278779309532,0.188877106162366,0.135030045952633,0.173323907152115,0.147873217862613,0.17261694356074,0.18048128342246,0.188502673796791,0.129679144385027,0.175133689839572,0.152406417112299,0.17379679144385
