mutant,count,freq,Friboulet.2014.IC50.nM
L1152R,1,0.027777778,
C1156Y,4,0.111111111,
I1171T,2,0.055555556,52
F1174V,1,0.027777778,
L1196M,14,0.388888889,319
G1202R,2,0.055555556,221
S1206Y,2,0.055555556,124
E1210K,1,0.027777778,
G1269A,9,0.25,130
