mutant,count,freq,Lallous.2016.IC50.uM
L702H,11,0.134146341,6.13
V716M,1,0.012195122,1.06
V731M,1,0.012195122,0.99
W742C,3,0.036585366,3.43
H875Q,1,0.012195122,0.79
H875Y,20,0.243902439,1.34
F877L,5,0.06097561,0.37
T878A,24,0.292682927,2.56
T878S,2,0.024390244,0.43
D880E,2,0.024390244,1.14
L882I,2,0.024390244,0.84
S889G,2,0.024390244,10.48
D891H,1,0.012195122,2.35
E894K,2,0.024390244,1.2
M896V,2,0.024390244,0.59
E898G,2,0.024390244,1.24
T919S,1,0.012195122,1.29
