mutant,count,freq,Chiba.2017.gefitinib.IC50.nM,Chiba.2017.erlotinib.IC50.nM
L747S,4,0.015748031,15.1,8.68
D761Y,3,0.011811024,29.4,11.1
T790M,246,0.968503937,8568,5377
T854A,1,0.003937008,222,85.9
