mutant,count,freq,log.IC50.nM,Toy.2016IC50.nM
S329Y,1,0.007751938,,
G344D,1,0.007751938,,
E380Q,21,0.162790698,-0.536585366,0.290679654
V418E,1,0.007751938,,
S432L,2,0.015503876,,
G442R,1,0.007751938,,
G442R,0,0,,
F461V,1,0.007751938,,
S463P,2,0.015503876,0.666666667,4.641588834
L466Q,1,0.007751938,,
V478L,1,0.007751938,,
R503W,1,0.007751938,,
N532K,1,0.007751938,,
N532K,0,0,,
V534E,2,0.015503876,,
L536H,4,0.031007752,,
L536P,2,0.015503876,,
L536R,2,0.015503876,0.262295082,1.829342743
L536Q,1,0.007751938,,
Y537C,8,0.062015504,,
Y537D,1,0.007751938,,
Y537N,7,0.054263566,,
Y537S,23,0.178294574,1.639344262,43.58572379
D538G,42,0.325581395,0.590163934,3.891920267
E542G,1,0.007751938,,
A546D,2,0.015503876,,
