mutant,count,freq,Garner.2015.IC50.nM,Serrano.2019.IC50.nM,Heinrich.2012.IC50.nM
V654A,107,0.465217391,545,2500,1600
T670I,19,0.082608696,,10000,5000
D816E,2,0.008695652,,1500,
D816G,1,0.004347826,180,,
D816H,13,0.056521739,292,,1990
D820A,4,0.017391304,369,1500,4000
D820G,12,0.052173913,,,3255
N822K,33,0.143478261,483,,2820
Y823D,32,0.139130435,,,2100
A829P,7,0.030434783,179,3000,
