Compound,Mutation Probability,Nilotinib Abundance,Dasatinib Abundance,Nuc_change
T315I,0.00119,5,11,C>T
G250E,0.00087,1,1,G>A
M351T,0.00036,0,0,T>C
E255K,0.00087,4,0,G>A
Y253H,0.00036,8,0,T>C
M244V,0.00025,0,0,A>G
E355G,0.00025,0,0,A>G
F317L,0.0005,0,2,"T>C,C>A,C>G"
E255V,0.00003,1,0,A>T
F359V,0.00006,6,0,T>G
F359C,0.00006,0,0,T>G
Q252H,0.00015,1,0,"G>C, G>T"
Y253F,0.00003,0,0,A>T
H396R,0.00025,0,0,A>G
E459K,0.00087,1,0,G>A
F359I,0.00002,0,0,T>A
L248V,0.00008,0,0,C>G
D276G,0.00025,0,0,A>G
H396P,0.00007,0,0,A>C
